tick,logic,n_tasks,jain_index,max_error_pct,avg_error_pct,ops_saved,apaf_state
1,BSA,100,0.010000,0.000000,0.000000,100,N/A
2,BSA,100,0.020000,0.000000,0.000000,100,N/A
3,BSA,100,0.030000,1.562500,1.562500,100,N/A
4,BSA,100,0.040000,2.352941,2.352941,100,N/A
5,BSA,100,0.050000,1.904762,1.904762,100,N/A
6,BSA,100,0.060000,2.419355,2.419355,100,N/A
7,BSA,100,0.070000,2.777778,2.777778,100,N/A
8,BSA,100,0.080000,3.680982,3.680982,100,N/A
9,BSA,100,0.090000,3.867403,3.867403,100,N/A
10,BSA,100,0.100000,4.020101,4.020101,100,N/A
11,BSA,100,0.110000,4.608295,4.608295,100,N/A
12,BSA,100,0.120000,5.128205,5.128205,100,N/A
13,BSA,100,0.130000,5.577689,5.577689,100,N/A
14,BSA,100,0.140000,5.617978,5.617978,100,N/A
15,BSA,100,0.150000,6.338028,6.338028,100,N/A
16,BSA,100,0.160000,6.666667,6.666667,100,N/A
17,BSA,100,0.170000,6.984127,6.984127,100,N/A
18,BSA,100,0.180000,7.272727,7.272727,100,N/A
19,BSA,100,0.190000,7.826087,7.826087,100,N/A
20,BSA,100,0.200000,8.333333,8.333333,100,N/A
21,BSA,100,0.210000,8.556150,8.556150,100,N/A
22,BSA,100,0.220000,9.020619,9.020619,100,N/A
23,BSA,100,0.230000,9.226933,9.226933,100,N/A
24,BSA,100,0.240000,9.879518,9.879518,100,N/A
25,BSA,100,0.250000,10.046729,10.046729,100,N/A
26,BSA,100,0.260000,10.430839,10.430839,100,N/A
27,BSA,100,0.270000,10.816777,10.816777,100,N/A
28,BSA,100,0.280000,10.967742,10.967742,100,N/A
29,BSA,100,0.290000,11.320755,11.320755,100,N/A
30,BSA,100,0.300000,11.860941,11.860941,100,N/A
31,BSA,100,0.310000,12.175649,12.175649,100,N/A
32,BSA,100,0.320000,12.500000,12.500000,100,N/A
33,BSA,100,0.330000,12.810707,12.810707,100,N/A
34,BSA,100,0.340000,12.945591,12.945591,100,N/A
35,BSA,100,0.350000,13.419118,13.419118,100,N/A
36,BSA,100,0.360000,13.718412,13.718412,100,N/A
37,BSA,100,0.370000,14.007092,14.007092,100,N/A
38,BSA,100,0.380000,14.285714,14.285714,100,N/A
39,BSA,100,0.390000,14.554795,14.554795,100,N/A
40,BSA,100,0.400000,14.839798,14.839798,100,N/A
41,BSA,100,0.410000,15.116279,15.116279,100,N/A
42,BSA,100,0.420000,15.522876,15.522876,100,N/A
43,BSA,100,0.430000,15.645161,15.645161,100,N/A
44,BSA,100,0.440000,15.898251,15.898251,100,N/A
45,BSA,100,0.450000,16.169545,16.169545,100,N/A
46,BSA,100,0.460000,16.563467,16.563467,100,N/A
47,BSA,100,0.470000,16.666667,16.666667,100,N/A
48,BSA,100,0.480000,17.069486,17.069486,100,N/A
49,BSA,100,0.490000,17.313433,17.313433,100,N/A
50,BSA,100,0.500000,17.429838,17.429838,100,N/A
51,BSA,100,0.510000,17.810219,17.810219,100,N/A
52,BSA,100,0.520000,17.919075,17.919075,100,N/A
53,BSA,100,0.530000,18.168813,18.168813,100,N/A
54,BSA,100,0.540000,18.413598,18.413598,100,N/A
55,BSA,100,0.550000,18.653576,18.653576,100,N/A
56,BSA,100,0.560000,18.776078,18.776078,100,N/A
57,BSA,100,0.570000,19.008264,19.008264,100,N/A
58,BSA,100,0.580000,19.262295,19.262295,100,N/A
59,BSA,100,0.590000,19.485792,19.485792,100,N/A
60,BSA,100,0.600000,19.731544,19.731544,100,N/A
61,BSA,100,0.610000,19.973369,19.973369,100,N/A
62,BSA,100,0.620000,20.211361,20.211361,100,N/A
63,BSA,100,0.630000,20.209974,20.209974,100,N/A
64,BSA,100,0.640000,20.572917,20.572917,100,N/A
65,BSA,100,0.650000,20.698577,20.698577,100,N/A
66,BSA,100,0.660000,20.924262,20.924262,100,N/A
67,BSA,100,0.670000,21.045918,21.045918,100,N/A
68,BSA,100,0.680000,21.292776,21.292776,100,N/A
69,BSA,100,0.690000,21.410579,21.410579,100,N/A
70,BSA,100,0.700000,21.652065,21.652065,100,N/A
71,BSA,100,0.710000,21.766169,21.766169,100,N/A
72,BSA,100,0.720000,22.002472,22.002472,100,N/A
73,BSA,100,0.730000,22.140221,22.140221,100,N/A
74,BSA,100,0.740000,22.249389,22.249389,100,N/A
75,BSA,100,0.750000,22.384428,22.384428,100,N/A
76,BSA,100,0.760000,22.611850,22.611850,100,N/A
77,BSA,100,0.770000,22.743682,22.743682,100,N/A
78,BSA,100,0.780000,22.874251,22.874251,100,N/A
79,BSA,100,0.790000,23.122765,23.122765,100,N/A
80,BSA,100,0.800000,23.250297,23.250297,100,N/A
81,BSA,100,0.810000,23.376623,23.376623,100,N/A
82,BSA,100,0.820000,23.501763,23.501763,100,N/A
83,BSA,100,0.830000,23.653396,23.653396,100,N/A
84,BSA,100,0.840000,23.776224,23.776224,100,N/A
85,BSA,100,0.850000,24.013921,24.013921,100,N/A
86,BSA,100,0.860000,24.046243,24.046243,100,N/A
87,BSA,100,0.870000,24.193548,24.193548,100,N/A
88,BSA,100,0.880000,24.311927,24.311927,100,N/A
89,BSA,100,0.890000,24.457143,24.457143,100,N/A
90,BSA,100,0.900000,24.601367,24.601367,100,N/A
91,BSA,100,0.910000,24.631101,24.631101,100,N/A
92,BSA,100,0.920000,24.773756,24.773756,100,N/A
93,BSA,100,0.930000,24.915445,24.915445,100,N/A
94,BSA,100,0.940000,25.056180,25.056180,100,N/A
95,BSA,100,0.950000,25.195969,25.195969,100,N/A
96,BSA,100,0.960000,25.334821,25.334821,100,N/A
97,BSA,100,0.970000,25.472747,25.472747,100,N/A
98,BSA,100,0.980000,25.527192,25.527192,100,N/A
99,BSA,100,0.990000,25.663717,25.663717,100,N/A
100,BSA,100,1.000000,25.799338,25.799338,100,N/A
101,BSA,100,0.990388,25.852585,25.852585,100,N/A
102,BSA,100,0.981509,25.986842,25.986842,100,N/A
103,BSA,100,0.973303,26.039387,26.039387,100,N/A
104,BSA,100,0.965714,26.091703,26.091703,100,N/A
105,BSA,100,0.958696,26.224157,26.224157,100,N/A
106,BSA,100,0.952203,26.384365,26.384365,100,N/A
107,BSA,100,0.946198,26.435536,26.435536,100,N/A
108,BSA,100,0.940645,26.486486,26.486486,100,N/A
109,BSA,100,0.935512,26.537217,26.537217,100,N/A
110,BSA,100,0.930769,26.695371,26.695371,100,N/A
111,BSA,100,0.926391,26.745435,26.745435,100,N/A
112,BSA,100,0.922353,26.795284,26.795284,100,N/A
113,BSA,100,0.918633,26.951872,26.951872,100,N/A
114,BSA,100,0.915211,27.001067,27.001067,100,N/A
115,BSA,100,0.912069,27.156550,27.156550,100,N/A
116,BSA,100,0.909189,27.205101,27.205101,100,N/A
117,BSA,100,0.906556,27.253446,27.253446,100,N/A
118,BSA,100,0.904156,27.407407,27.407407,100,N/A
119,BSA,100,0.901975,27.378436,27.378436,100,N/A
120,BSA,100,0.900000,27.531646,27.531646,100,N/A
121,BSA,100,0.898221,27.578947,27.578947,100,N/A
122,BSA,100,0.896627,27.655100,27.655100,100,N/A
123,BSA,100,0.895207,27.806925,27.806925,100,N/A
124,BSA,100,0.893953,27.777778,27.777778,100,N/A
125,BSA,100,0.892857,27.928870,27.928870,100,N/A
126,BSA,100,0.891910,27.899687,27.899687,100,N/A
127,BSA,100,0.891105,28.050052,28.050052,100,N/A
128,BSA,100,0.890435,28.020833,28.020833,100,N/A
129,BSA,100,0.889893,28.095734,28.095734,100,N/A
130,BSA,100,0.889474,28.245067,28.245067,100,N/A
131,BSA,100,0.889171,28.215768,28.215768,100,N/A
132,BSA,100,0.888980,28.290155,28.290155,100,N/A
133,BSA,100,0.888894,28.438469,28.438469,100,N/A
134,BSA,100,0.888911,28.409091,28.409091,100,N/A
135,BSA,100,0.889024,28.482972,28.482972,100,N/A
136,BSA,100,0.889231,28.556701,28.556701,100,N/A
137,BSA,100,0.889526,28.527291,28.527291,100,N/A
138,BSA,100,0.889907,28.600823,28.600823,100,N/A
139,BSA,100,0.890369,28.747433,28.747433,100,N/A
140,BSA,100,0.890909,28.820513,28.820513,100,N/A
141,BSA,100,0.891525,28.790984,28.790984,100,N/A
142,BSA,100,0.892212,28.863869,28.863869,100,N/A
143,BSA,100,0.892969,28.936605,28.936605,100,N/A
144,BSA,100,0.893793,29.009193,29.009193,100,N/A
145,BSA,100,0.894681,28.979592,28.979592,100,N/A
146,BSA,100,0.895630,29.051988,29.051988,100,N/A
147,BSA,100,0.896639,29.124236,29.124236,100,N/A
148,BSA,100,0.897705,29.124236,29.124236,100,N/A
149,BSA,100,0.898826,29.196338,29.196338,100,N/A
150,BSA,100,0.900000,29.166667,29.166667,100,N/A
151,BSA,100,0.901225,29.238579,29.238579,100,N/A
152,BSA,100,0.902500,29.310345,29.310345,100,N/A
153,BSA,100,0.903822,29.381966,29.381966,100,N/A
154,BSA,100,0.905191,29.453441,29.453441,100,N/A
155,BSA,100,0.906604,29.352227,29.352227,100,N/A
156,BSA,100,0.908060,29.423660,29.423660,100,N/A
157,BSA,100,0.909557,29.494949,29.494949,100,N/A
158,BSA,100,0.911095,29.566095,29.566095,100,N/A
159,BSA,100,0.912671,29.566095,29.566095,100,N/A
160,BSA,100,0.914286,29.637097,29.637097,100,N/A
161,BSA,100,0.915936,29.707956,29.707956,100,N/A
162,BSA,100,0.917622,29.607251,29.607251,100,N/A
163,BSA,100,0.919343,29.678068,29.678068,100,N/A
164,BSA,100,0.921096,29.748744,29.748744,100,N/A
165,BSA,100,0.922881,29.748744,29.748744,100,N/A
166,BSA,100,0.924698,29.819277,29.819277,100,N/A
167,BSA,100,0.926545,29.819277,29.819277,100,N/A
168,BSA,100,0.928421,29.889669,29.889669,100,N/A
169,BSA,100,0.930326,29.959920,29.959920,100,N/A
170,BSA,100,0.932258,29.959920,29.959920,100,N/A
171,BSA,100,0.934217,29.929930,29.929930,100,N/A
172,BSA,100,0.936203,29.929930,29.929930,100,N/A
173,BSA,100,0.938213,30.000000,30.000000,100,N/A
174,BSA,100,0.940248,30.000000,30.000000,100,N/A
175,BSA,100,0.942308,30.069930,30.069930,100,N/A
176,BSA,100,0.944390,30.069930,30.069930,100,N/A
177,BSA,100,0.946495,30.139721,30.139721,100,N/A
178,BSA,100,0.948623,30.139721,30.139721,100,N/A
179,BSA,100,0.950772,30.209372,30.209372,100,N/A
180,BSA,100,0.952941,30.209372,30.209372,100,N/A
181,BSA,100,0.955131,30.278884,30.278884,100,N/A
182,BSA,100,0.957341,30.278884,30.278884,100,N/A
183,BSA,100,0.959570,30.248756,30.248756,100,N/A
184,BSA,100,0.961818,30.248756,30.248756,100,N/A
185,BSA,100,0.964085,30.248756,30.248756,100,N/A
186,BSA,100,0.966369,30.318091,30.318091,100,N/A
187,BSA,100,0.968670,30.318091,30.318091,100,N/A
188,BSA,100,0.970989,30.387289,30.387289,100,N/A
189,BSA,100,0.973324,30.387289,30.387289,100,N/A
190,BSA,100,0.975676,30.387289,30.387289,100,N/A
191,BSA,100,0.978043,30.456349,30.456349,100,N/A
192,BSA,100,0.980426,30.456349,30.456349,100,N/A
193,BSA,100,0.982823,30.456349,30.456349,100,N/A
194,BSA,100,0.985236,30.525273,30.525273,100,N/A
195,BSA,100,0.987662,30.525273,30.525273,100,N/A
196,BSA,100,0.990103,30.525273,30.525273,100,N/A
197,BSA,100,0.992558,30.594059,30.594059,100,N/A
198,BSA,100,0.995025,30.594059,30.594059,100,N/A
199,BSA,100,0.997506,30.594059,30.594059,100,N/A
200,BSA,100,1.000000,30.662710,30.662710,100,N/A
201,BSA,100,0.997556,30.662710,30.662710,100,N/A
202,BSA,100,0.995220,30.662710,30.662710,100,N/A
203,BSA,100,0.992988,30.563798,30.563798,100,N/A
204,BSA,100,0.990857,30.632411,30.632411,100,N/A
205,BSA,100,0.988824,30.632411,30.632411,100,N/A
206,BSA,100,0.986884,30.632411,30.632411,100,N/A
207,BSA,100,0.985034,30.632411,30.632411,100,N/A
208,BSA,100,0.983273,30.700888,30.700888,100,N/A
209,BSA,100,0.981596,30.700888,30.700888,100,N/A
210,BSA,100,0.980000,30.700888,30.700888,100,N/A
211,BSA,100,0.978484,30.700888,30.700888,100,N/A
212,BSA,100,0.977043,30.769231,30.769231,100,N/A
213,BSA,100,0.975677,30.769231,30.769231,100,N/A
214,BSA,100,0.974383,30.769231,30.769231,100,N/A
215,BSA,100,0.973158,30.769231,30.769231,100,N/A
216,BSA,100,0.972000,30.769231,30.769231,100,N/A
217,BSA,100,0.970907,30.837438,30.837438,100,N/A
218,BSA,100,0.969878,30.837438,30.837438,100,N/A
219,BSA,100,0.968909,30.837438,30.837438,100,N/A
220,BSA,100,0.968000,30.837438,30.837438,100,N/A
221,BSA,100,0.967149,30.837438,30.837438,100,N/A
222,BSA,100,0.966353,30.905512,30.905512,100,N/A
223,BSA,100,0.965612,30.905512,30.905512,100,N/A
224,BSA,100,0.964923,30.905512,30.905512,100,N/A
225,BSA,100,0.964286,30.905512,30.905512,100,N/A
226,BSA,100,0.963698,30.905512,30.905512,100,N/A
227,BSA,100,0.963159,30.973451,30.973451,100,N/A
228,BSA,100,0.962667,30.973451,30.973451,100,N/A
229,BSA,100,0.962220,30.973451,30.973451,100,N/A
230,BSA,100,0.961818,30.973451,30.973451,100,N/A
231,BSA,100,0.961459,30.973451,30.973451,100,N/A
232,BSA,100,0.961143,30.973451,30.973451,100,N/A
233,BSA,100,0.960867,30.973451,30.973451,100,N/A
234,BSA,100,0.960632,31.041257,31.041257,100,N/A
235,BSA,100,0.960435,31.041257,31.041257,100,N/A
236,BSA,100,0.960276,31.041257,31.041257,100,N/A
237,BSA,100,0.960154,31.041257,31.041257,100,N/A
238,BSA,100,0.960068,31.041257,31.041257,100,N/A
239,BSA,100,0.960017,31.041257,31.041257,100,N/A
240,BSA,100,0.960000,31.041257,31.041257,100,N/A
241,BSA,100,0.960017,31.041257,31.041257,100,N/A
242,BSA,100,0.960066,31.108930,31.108930,100,N/A
243,BSA,100,0.960146,31.108930,31.108930,100,N/A
244,BSA,100,0.960258,31.108930,31.108930,100,N/A
245,BSA,100,0.960400,31.108930,31.108930,100,N/A
246,BSA,100,0.960571,31.108930,31.108930,100,N/A
247,BSA,100,0.960772,31.108930,31.108930,100,N/A
248,BSA,100,0.961000,31.108930,31.108930,100,N/A
249,BSA,100,0.961256,31.108930,31.108930,100,N/A
250,BSA,100,0.961538,31.108930,31.108930,100,N/A
251,BSA,100,0.961847,31.176471,31.176471,100,N/A
252,BSA,100,0.962182,31.176471,31.176471,100,N/A
253,BSA,100,0.962541,31.176471,31.176471,100,N/A
254,BSA,100,0.962925,31.176471,31.176471,100,N/A
255,BSA,100,0.963333,31.176471,31.176471,100,N/A
256,BSA,100,0.963765,31.176471,31.176471,100,N/A
257,BSA,100,0.964219,31.176471,31.176471,100,N/A
258,BSA,100,0.964696,31.176471,31.176471,100,N/A
259,BSA,100,0.965194,31.176471,31.176471,100,N/A
260,BSA,100,0.965714,31.176471,31.176471,100,N/A
261,BSA,100,0.966255,31.176471,31.176471,100,N/A
262,BSA,100,0.966817,31.176471,31.176471,100,N/A
263,BSA,100,0.967399,31.243879,31.243879,100,N/A
264,BSA,100,0.968000,31.243879,31.243879,100,N/A
265,BSA,100,0.968621,31.243879,31.243879,100,N/A
266,BSA,100,0.969260,31.243879,31.243879,100,N/A
267,BSA,100,0.969918,31.243879,31.243879,100,N/A
268,BSA,100,0.970595,31.243879,31.243879,100,N/A
269,BSA,100,0.971289,31.243879,31.243879,100,N/A
270,BSA,100,0.972000,31.243879,31.243879,100,N/A
271,BSA,100,0.972728,31.243879,31.243879,100,N/A
272,BSA,100,0.973474,31.243879,31.243879,100,N/A
273,BSA,100,0.974235,31.243879,31.243879,100,N/A
274,BSA,100,0.975013,31.243879,31.243879,100,N/A
275,BSA,100,0.975806,31.243879,31.243879,100,N/A
276,BSA,100,0.976615,31.243879,31.243879,100,N/A
277,BSA,100,0.977439,31.243879,31.243879,100,N/A
278,BSA,100,0.978278,31.311155,31.311155,100,N/A
279,BSA,100,0.979132,31.311155,31.311155,100,N/A
280,BSA,100,0.980000,31.311155,31.311155,100,N/A
281,BSA,100,0.980882,31.311155,31.311155,100,N/A
282,BSA,100,0.981778,31.311155,31.311155,100,N/A
283,BSA,100,0.982687,31.311155,31.311155,100,N/A
284,BSA,100,0.983610,31.311155,31.311155,100,N/A
285,BSA,100,0.984545,31.311155,31.311155,100,N/A
286,BSA,100,0.985494,31.311155,31.311155,100,N/A
287,BSA,100,0.986455,31.311155,31.311155,100,N/A
288,BSA,100,0.987429,31.311155,31.311155,100,N/A
289,BSA,100,0.988414,31.311155,31.311155,100,N/A
290,BSA,100,0.989412,31.311155,31.311155,100,N/A
291,BSA,100,0.990421,31.311155,31.311155,100,N/A
292,BSA,100,0.991442,31.311155,31.311155,100,N/A
293,BSA,100,0.992474,31.311155,31.311155,100,N/A
294,BSA,100,0.993517,31.311155,31.311155,100,N/A
295,BSA,100,0.994571,31.311155,31.311155,100,N/A
296,BSA,100,0.995636,31.311155,31.311155,100,N/A
297,BSA,100,0.996712,31.311155,31.311155,100,N/A
298,BSA,100,0.997798,31.311155,31.311155,100,N/A
299,BSA,100,0.998894,31.311155,31.311155,100,N/A
300,BSA,100,1.000000,31.311155,31.311155,100,N/A
301,BSA,100,0.998908,31.378299,31.378299,100,N/A
302,BSA,100,0.997856,31.378299,31.378299,100,N/A
303,BSA,100,0.996840,31.378299,31.378299,100,N/A
304,BSA,100,0.995862,31.378299,31.378299,100,N/A
305,BSA,100,0.994920,31.378299,31.378299,100,N/A
306,BSA,100,0.994013,31.378299,31.378299,100,N/A
307,BSA,100,0.993140,31.378299,31.378299,100,N/A
308,BSA,100,0.992301,31.378299,31.378299,100,N/A
309,BSA,100,0.991495,31.378299,31.378299,100,N/A
310,BSA,100,0.990722,31.378299,31.378299,100,N/A
311,BSA,100,0.989980,31.378299,31.378299,100,N/A
312,BSA,100,0.989268,31.378299,31.378299,100,N/A
313,BSA,100,0.988587,31.378299,31.378299,100,N/A
314,BSA,100,0.987936,31.378299,31.378299,100,N/A
315,BSA,100,0.987313,31.378299,31.378299,100,N/A
316,BSA,100,0.986719,31.378299,31.378299,100,N/A
317,BSA,100,0.986153,31.378299,31.378299,100,N/A
318,BSA,100,0.985614,31.378299,31.378299,100,N/A
319,BSA,100,0.985102,31.378299,31.378299,100,N/A
320,BSA,100,0.984615,31.378299,31.378299,100,N/A
321,BSA,100,0.984155,31.378299,31.378299,100,N/A
322,BSA,100,0.983719,31.378299,31.378299,100,N/A
323,BSA,100,0.983308,31.378299,31.378299,100,N/A
324,BSA,100,0.982921,31.378299,31.378299,100,N/A
325,BSA,100,0.982558,31.378299,31.378299,100,N/A
326,BSA,100,0.982218,31.378299,31.378299,100,N/A
327,BSA,100,0.981901,31.378299,31.378299,100,N/A
328,BSA,100,0.981606,31.378299,31.378299,100,N/A
329,BSA,100,0.981333,31.378299,31.378299,100,N/A
330,BSA,100,0.981081,31.378299,31.378299,100,N/A
331,BSA,100,0.980850,31.378299,31.378299,100,N/A
332,BSA,100,0.980641,31.378299,31.378299,100,N/A
333,BSA,100,0.980451,31.378299,31.378299,100,N/A
334,BSA,100,0.980281,31.378299,31.378299,100,N/A
335,BSA,100,0.980131,31.378299,31.378299,100,N/A
336,BSA,100,0.980000,31.378299,31.378299,100,N/A
337,BSA,100,0.979888,31.378299,31.378299,100,N/A
338,BSA,100,0.979794,31.378299,31.378299,100,N/A
339,BSA,100,0.979719,31.378299,31.378299,100,N/A
340,BSA,100,0.979661,31.378299,31.378299,100,N/A
341,BSA,100,0.979621,31.378299,31.378299,100,N/A
342,BSA,100,0.979598,31.378299,31.378299,100,N/A
343,BSA,100,0.979592,31.378299,31.378299,100,N/A
344,BSA,100,0.979603,31.378299,31.378299,100,N/A
345,BSA,100,0.979630,31.378299,31.378299,100,N/A
346,BSA,100,0.979673,31.378299,31.378299,100,N/A
347,BSA,100,0.979731,31.445312,31.445312,100,N/A
348,BSA,100,0.979806,31.445312,31.445312,100,N/A
349,BSA,100,0.979895,31.445312,31.445312,100,N/A
350,BSA,100,0.980000,31.445312,31.445312,100,N/A
351,BSA,100,0.980119,31.445312,31.445312,100,N/A
352,BSA,100,0.980253,31.445312,31.445312,100,N/A
353,BSA,100,0.980401,31.445312,31.445312,100,N/A
354,BSA,100,0.980563,31.445312,31.445312,100,N/A
355,BSA,100,0.980739,31.445312,31.445312,100,N/A
356,BSA,100,0.980929,31.445312,31.445312,100,N/A
357,BSA,100,0.981132,31.445312,31.445312,100,N/A
358,BSA,100,0.981348,31.445312,31.445312,100,N/A
359,BSA,100,0.981577,31.445312,31.445312,100,N/A
360,BSA,100,0.981818,31.445312,31.445312,100,N/A
361,BSA,100,0.982072,31.445312,31.445312,100,N/A
362,BSA,100,0.982339,31.445312,31.445312,100,N/A
363,BSA,100,0.982617,31.445312,31.445312,100,N/A
364,BSA,100,0.982908,31.445312,31.445312,100,N/A
365,BSA,100,0.983210,31.445312,31.445312,100,N/A
366,BSA,100,0.983524,31.445312,31.445312,100,N/A
367,BSA,100,0.983850,31.445312,31.445312,100,N/A
368,BSA,100,0.984186,31.445312,31.445312,100,N/A
369,BSA,100,0.984534,31.445312,31.445312,100,N/A
370,BSA,100,0.984892,31.445312,31.445312,100,N/A
371,BSA,100,0.985261,31.445312,31.445312,100,N/A
372,BSA,100,0.985641,31.445312,31.445312,100,N/A
373,BSA,100,0.986031,31.445312,31.445312,100,N/A
374,BSA,100,0.986432,31.445312,31.445312,100,N/A
375,BSA,100,0.986842,31.445312,31.445312,100,N/A
376,BSA,100,0.987263,31.445312,31.445312,100,N/A
377,BSA,100,0.987693,31.445312,31.445312,100,N/A
378,BSA,100,0.988133,31.445312,31.445312,100,N/A
379,BSA,100,0.988582,31.445312,31.445312,100,N/A
380,BSA,100,0.989041,31.445312,31.445312,100,N/A
381,BSA,100,0.989509,31.445312,31.445312,100,N/A
382,BSA,100,0.989986,31.445312,31.445312,100,N/A
383,BSA,100,0.990473,31.445312,31.445312,100,N/A
384,BSA,100,0.990968,31.445312,31.445312,100,N/A
385,BSA,100,0.991472,31.445312,31.445312,100,N/A
386,BSA,100,0.991984,31.445312,31.445312,100,N/A
387,BSA,100,0.992505,31.445312,31.445312,100,N/A
388,BSA,100,0.993034,31.445312,31.445312,100,N/A
389,BSA,100,0.993572,31.445312,31.445312,100,N/A
390,BSA,100,0.994118,31.445312,31.445312,100,N/A
391,BSA,100,0.994671,31.445312,31.445312,100,N/A
392,BSA,100,0.995233,31.445312,31.445312,100,N/A
393,BSA,100,0.995803,31.445312,31.445312,100,N/A
394,BSA,100,0.996380,31.445312,31.445312,100,N/A
395,BSA,100,0.996965,31.445312,31.445312,100,N/A
396,BSA,100,0.997557,31.445312,31.445312,100,N/A
397,BSA,100,0.998157,31.445312,31.445312,100,N/A
398,BSA,100,0.998764,31.445312,31.445312,100,N/A
399,BSA,100,0.999379,31.445312,31.445312,100,N/A
400,BSA,100,1.000000,31.445312,31.445312,100,N/A
401,BSA,100,0.999385,31.445312,31.445312,100,N/A
402,BSA,100,0.998789,31.445312,31.445312,100,N/A
403,BSA,100,0.998211,31.445312,31.445312,100,N/A
404,BSA,100,0.997653,31.445312,31.445312,100,N/A
405,BSA,100,0.997112,31.445312,31.445312,100,N/A
406,BSA,100,0.996590,31.445312,31.445312,100,N/A
407,BSA,100,0.996085,31.445312,31.445312,100,N/A
408,BSA,100,0.995598,31.445312,31.445312,100,N/A
409,BSA,100,0.995128,31.445312,31.445312,100,N/A
410,BSA,100,0.994675,31.445312,31.445312,100,N/A
411,BSA,100,0.994238,31.445312,31.445312,100,N/A
412,BSA,100,0.993817,31.445312,31.445312,100,N/A
413,BSA,100,0.993413,31.445312,31.445312,100,N/A
414,BSA,100,0.993024,31.445312,31.445312,100,N/A
415,BSA,100,0.992651,31.445312,31.445312,100,N/A
416,BSA,100,0.992294,31.445312,31.445312,100,N/A
417,BSA,100,0.991951,31.445312,31.445312,100,N/A
418,BSA,100,0.991623,31.445312,31.445312,100,N/A
419,BSA,100,0.991310,31.445312,31.445312,100,N/A
420,BSA,100,0.991011,31.445312,31.445312,100,N/A
421,BSA,100,0.990727,31.445312,31.445312,100,N/A
422,BSA,100,0.990456,31.445312,31.445312,100,N/A
423,BSA,100,0.990199,31.445312,31.445312,100,N/A
424,BSA,100,0.989956,31.445312,31.445312,100,N/A
425,BSA,100,0.989726,31.445312,31.445312,100,N/A
426,BSA,100,0.989509,31.445312,31.445312,100,N/A
427,BSA,100,0.989305,31.445312,31.445312,100,N/A
428,BSA,100,0.989114,31.445312,31.445312,100,N/A
429,BSA,100,0.988936,31.445312,31.445312,100,N/A
430,BSA,100,0.988770,31.445312,31.445312,100,N/A
431,BSA,100,0.988616,31.445312,31.445312,100,N/A
432,BSA,100,0.988475,31.445312,31.445312,100,N/A
433,BSA,100,0.988345,31.445312,31.445312,100,N/A
434,BSA,100,0.988227,31.445312,31.445312,100,N/A
435,BSA,100,0.988120,31.445312,31.445312,100,N/A
436,BSA,100,0.988025,31.445312,31.445312,100,N/A
437,BSA,100,0.987941,31.445312,31.445312,100,N/A
438,BSA,100,0.987868,31.445312,31.445312,100,N/A
439,BSA,100,0.987806,31.445312,31.445312,100,N/A
440,BSA,100,0.987755,31.445312,31.445312,100,N/A
441,BSA,100,0.987715,31.445312,31.445312,100,N/A
442,BSA,100,0.987685,31.445312,31.445312,100,N/A
443,BSA,100,0.987665,31.445312,31.445312,100,N/A
444,BSA,100,0.987655,31.445312,31.445312,100,N/A
445,BSA,100,0.987656,31.445312,31.445312,100,N/A
446,BSA,100,0.987666,31.445312,31.445312,100,N/A
447,BSA,100,0.987687,31.445312,31.445312,100,N/A
448,BSA,100,0.987717,31.445312,31.445312,100,N/A
449,BSA,100,0.987756,31.445312,31.445312,100,N/A
450,BSA,100,0.987805,31.445312,31.445312,100,N/A
451,BSA,100,0.987863,31.445312,31.445312,100,N/A
452,BSA,100,0.987930,31.445312,31.445312,100,N/A
453,BSA,100,0.988007,31.445312,31.445312,100,N/A
454,BSA,100,0.988092,31.445312,31.445312,100,N/A
455,BSA,100,0.988186,31.445312,31.445312,100,N/A
456,BSA,100,0.988289,31.445312,31.445312,100,N/A
457,BSA,100,0.988400,31.445312,31.445312,100,N/A
458,BSA,100,0.988520,31.445312,31.445312,100,N/A
459,BSA,100,0.988649,31.445312,31.445312,100,N/A
460,BSA,100,0.988785,31.445312,31.445312,100,N/A
461,BSA,100,0.988930,31.445312,31.445312,100,N/A
462,BSA,100,0.989082,31.445312,31.445312,100,N/A
463,BSA,100,0.989243,31.445312,31.445312,100,N/A
464,BSA,100,0.989412,31.445312,31.445312,100,N/A
465,BSA,100,0.989588,31.445312,31.445312,100,N/A
466,BSA,100,0.989772,31.445312,31.445312,100,N/A
467,BSA,100,0.989964,31.445312,31.445312,100,N/A
468,BSA,100,0.990163,31.445312,31.445312,100,N/A
469,BSA,100,0.990369,31.445312,31.445312,100,N/A
470,BSA,100,0.990583,31.445312,31.445312,100,N/A
471,BSA,100,0.990804,31.445312,31.445312,100,N/A
472,BSA,100,0.991032,31.445312,31.445312,100,N/A
473,BSA,100,0.991267,31.445312,31.445312,100,N/A
474,BSA,100,0.991509,31.445312,31.445312,100,N/A
475,BSA,100,0.991758,31.445312,31.445312,100,N/A
476,BSA,100,0.992014,31.445312,31.445312,100,N/A
477,BSA,100,0.992276,31.445312,31.445312,100,N/A
478,BSA,100,0.992546,31.445312,31.445312,100,N/A
479,BSA,100,0.992821,31.445312,31.445312,100,N/A
480,BSA,100,0.993103,31.445312,31.445312,100,N/A
481,BSA,100,0.993392,31.445312,31.445312,100,N/A
482,BSA,100,0.993687,31.445312,31.445312,100,N/A
483,BSA,100,0.993988,31.445312,31.445312,100,N/A
484,BSA,100,0.994295,31.445312,31.445312,100,N/A
485,BSA,100,0.994609,31.445312,31.445312,100,N/A
486,BSA,100,0.994928,31.445312,31.445312,100,N/A
487,BSA,100,0.995254,31.445312,31.445312,100,N/A
488,BSA,100,0.995585,31.445312,31.445312,100,N/A
489,BSA,100,0.995923,31.445312,31.445312,100,N/A
490,BSA,100,0.996266,31.445312,31.445312,100,N/A
491,BSA,100,0.996614,31.445312,31.445312,100,N/A
492,BSA,100,0.996969,31.445312,31.445312,100,N/A
493,BSA,100,0.997329,31.445312,31.445312,100,N/A
494,BSA,100,0.997694,31.445312,31.445312,100,N/A
495,BSA,100,0.998065,31.445312,31.445312,100,N/A
496,BSA,100,0.998442,31.445312,31.445312,100,N/A
497,BSA,100,0.998823,31.445312,31.445312,100,N/A
498,BSA,100,0.999210,31.445312,31.445312,100,N/A
499,BSA,100,0.999603,31.445312,31.445312,100,N/A
500,BSA,100,1.000000,31.445312,31.445312,100,N/A
501,BSA,100,0.999606,31.445312,31.445312,100,N/A
502,BSA,100,0.999223,31.445312,31.445312,100,N/A
503,BSA,100,0.998851,31.445312,31.445312,100,N/A
504,BSA,100,0.998491,31.445312,31.445312,100,N/A
505,BSA,100,0.998141,31.445312,31.445312,100,N/A
506,BSA,100,0.997802,31.445312,31.445312,100,N/A
507,BSA,100,0.997474,31.445312,31.445312,100,N/A
508,BSA,100,0.997156,31.445312,31.445312,100,N/A
509,BSA,100,0.996849,31.445312,31.445312,100,N/A
510,BSA,100,0.996552,31.445312,31.445312,100,N/A
511,BSA,100,0.996265,31.445312,31.445312,100,N/A
512,BSA,100,0.995988,31.445312,31.445312,100,N/A
513,BSA,100,0.995721,31.445312,31.445312,100,N/A
514,BSA,100,0.995463,31.445312,31.445312,100,N/A
515,BSA,100,0.995216,31.445312,31.445312,100,N/A
516,BSA,100,0.994978,31.445312,31.445312,100,N/A
517,BSA,100,0.994749,31.445312,31.445312,100,N/A
518,BSA,100,0.994529,31.445312,31.445312,100,N/A
519,BSA,100,0.994319,31.445312,31.445312,100,N/A
520,BSA,100,0.994118,31.445312,31.445312,100,N/A
521,BSA,100,0.993925,31.445312,31.445312,100,N/A
522,BSA,100,0.993742,31.445312,31.445312,100,N/A
523,BSA,100,0.993567,31.445312,31.445312,100,N/A
524,BSA,100,0.993401,31.445312,31.445312,100,N/A
525,BSA,100,0.993243,31.445312,31.445312,100,N/A
526,BSA,100,0.993094,31.445312,31.445312,100,N/A
527,BSA,100,0.992953,31.445312,31.445312,100,N/A
528,BSA,100,0.992821,31.445312,31.445312,100,N/A
529,BSA,100,0.992696,31.445312,31.445312,100,N/A
530,BSA,100,0.992580,31.445312,31.445312,100,N/A
531,BSA,100,0.992471,31.445312,31.445312,100,N/A
532,BSA,100,0.992370,31.445312,31.445312,100,N/A
533,BSA,100,0.992277,31.445312,31.445312,100,N/A
534,BSA,100,0.992192,31.445312,31.445312,100,N/A
535,BSA,100,0.992114,31.445312,31.445312,100,N/A
536,BSA,100,0.992044,31.445312,31.445312,100,N/A
537,BSA,100,0.991981,31.445312,31.445312,100,N/A
538,BSA,100,0.991926,31.445312,31.445312,100,N/A
539,BSA,100,0.991878,31.445312,31.445312,100,N/A
540,BSA,100,0.991837,31.445312,31.445312,100,N/A
541,BSA,100,0.991803,31.445312,31.445312,100,N/A
542,BSA,100,0.991776,31.445312,31.445312,100,N/A
543,BSA,100,0.991756,31.445312,31.445312,100,N/A
544,BSA,100,0.991743,31.445312,31.445312,100,N/A
545,BSA,100,0.991736,31.445312,31.445312,100,N/A
546,BSA,100,0.991737,31.445312,31.445312,100,N/A
547,BSA,100,0.991743,31.445312,31.445312,100,N/A
548,BSA,100,0.991757,31.445312,31.445312,100,N/A
549,BSA,100,0.991777,31.445312,31.445312,100,N/A
550,BSA,100,0.991803,31.445312,31.445312,100,N/A
551,BSA,100,0.991836,31.445312,31.445312,100,N/A
552,BSA,100,0.991875,31.445312,31.445312,100,N/A
553,BSA,100,0.991920,31.445312,31.445312,100,N/A
554,BSA,100,0.991972,31.445312,31.445312,100,N/A
555,BSA,100,0.992029,31.445312,31.445312,100,N/A
556,BSA,100,0.992092,31.445312,31.445312,100,N/A
557,BSA,100,0.992162,31.445312,31.445312,100,N/A
558,BSA,100,0.992237,31.445312,31.445312,100,N/A
559,BSA,100,0.992318,31.445312,31.445312,100,N/A
560,BSA,100,0.992405,31.445312,31.445312,100,N/A
561,BSA,100,0.992498,31.445312,31.445312,100,N/A
562,BSA,100,0.992596,31.445312,31.445312,100,N/A
563,BSA,100,0.992700,31.445312,31.445312,100,N/A
564,BSA,100,0.992809,31.445312,31.445312,100,N/A
565,BSA,100,0.992924,31.445312,31.445312,100,N/A
566,BSA,100,0.993044,31.445312,31.445312,100,N/A
567,BSA,100,0.993170,31.445312,31.445312,100,N/A
568,BSA,100,0.993300,31.445312,31.445312,100,N/A
569,BSA,100,0.993437,31.445312,31.445312,100,N/A
570,BSA,100,0.993578,31.445312,31.445312,100,N/A
571,BSA,100,0.993724,31.445312,31.445312,100,N/A
572,BSA,100,0.993876,31.445312,31.445312,100,N/A
573,BSA,100,0.994033,31.445312,31.445312,100,N/A
574,BSA,100,0.994194,31.445312,31.445312,100,N/A
575,BSA,100,0.994361,31.445312,31.445312,100,N/A
576,BSA,100,0.994532,31.445312,31.445312,100,N/A
577,BSA,100,0.994709,31.445312,31.445312,100,N/A
578,BSA,100,0.994890,31.445312,31.445312,100,N/A
579,BSA,100,0.995076,31.445312,31.445312,100,N/A
580,BSA,100,0.995266,31.445312,31.445312,100,N/A
581,BSA,100,0.995462,31.445312,31.445312,100,N/A
582,BSA,100,0.995661,31.445312,31.445312,100,N/A
583,BSA,100,0.995866,31.445312,31.445312,100,N/A
584,BSA,100,0.996075,31.445312,31.445312,100,N/A
585,BSA,100,0.996288,31.445312,31.445312,100,N/A
586,BSA,100,0.996506,31.445312,31.445312,100,N/A
587,BSA,100,0.996728,31.445312,31.445312,100,N/A
588,BSA,100,0.996955,31.445312,31.445312,100,N/A
589,BSA,100,0.997186,31.445312,31.445312,100,N/A
590,BSA,100,0.997421,31.445312,31.445312,100,N/A
591,BSA,100,0.997661,31.445312,31.445312,100,N/A
592,BSA,100,0.997904,31.445312,31.445312,100,N/A
593,BSA,100,0.998152,31.445312,31.445312,100,N/A
594,BSA,100,0.998404,31.445312,31.445312,100,N/A
595,BSA,100,0.998660,31.445312,31.445312,100,N/A
596,BSA,100,0.998920,31.445312,31.445312,100,N/A
597,BSA,100,0.999184,31.445312,31.445312,100,N/A
598,BSA,100,0.999452,31.445312,31.445312,100,N/A
599,BSA,100,0.999724,31.445312,31.445312,100,N/A
600,BSA,100,1.000000,31.445312,31.445312,100,N/A
601,BSA,100,0.999726,31.445312,31.445312,100,N/A
602,BSA,100,0.999459,31.445312,31.445312,100,N/A
603,BSA,100,0.999200,31.445312,31.445312,100,N/A
604,BSA,100,0.998949,31.445312,31.445312,100,N/A
605,BSA,100,0.998704,31.445312,31.445312,100,N/A
606,BSA,100,0.998467,31.445312,31.445312,100,N/A
607,BSA,100,0.998236,31.445312,31.445312,100,N/A
608,BSA,100,0.998013,31.445312,31.445312,100,N/A
609,BSA,100,0.997797,31.445312,31.445312,100,N/A
610,BSA,100,0.997587,31.445312,31.445312,100,N/A
611,BSA,100,0.997384,31.445312,31.445312,100,N/A
612,BSA,100,0.997188,31.445312,31.445312,100,N/A
613,BSA,100,0.996999,31.445312,31.445312,100,N/A
614,BSA,100,0.996816,31.445312,31.445312,100,N/A
615,BSA,100,0.996640,31.445312,31.445312,100,N/A
616,BSA,100,0.996471,31.445312,31.445312,100,N/A
617,BSA,100,0.996307,31.445312,31.445312,100,N/A
618,BSA,100,0.996150,31.445312,31.445312,100,N/A
619,BSA,100,0.995999,31.445312,31.445312,100,N/A
620,BSA,100,0.995855,31.445312,31.445312,100,N/A
621,BSA,100,0.995716,31.445312,31.445312,100,N/A
622,BSA,100,0.995584,31.445312,31.445312,100,N/A
623,BSA,100,0.995458,31.445312,31.445312,100,N/A
624,BSA,100,0.995337,31.445312,31.445312,100,N/A
625,BSA,100,0.995223,31.445312,31.445312,100,N/A
626,BSA,100,0.995114,31.445312,31.445312,100,N/A
627,BSA,100,0.995011,31.445312,31.445312,100,N/A
628,BSA,100,0.994914,31.445312,31.445312,100,N/A
629,BSA,100,0.994823,31.445312,31.445312,100,N/A
630,BSA,100,0.994737,31.445312,31.445312,100,N/A
631,BSA,100,0.994657,31.445312,31.445312,100,N/A
632,BSA,100,0.994582,31.445312,31.445312,100,N/A
633,BSA,100,0.994512,31.445312,31.445312,100,N/A
634,BSA,100,0.994448,31.445312,31.445312,100,N/A
635,BSA,100,0.994390,31.445312,31.445312,100,N/A
636,BSA,100,0.994336,31.445312,31.445312,100,N/A
637,BSA,100,0.994288,31.445312,31.445312,100,N/A
638,BSA,100,0.994245,31.445312,31.445312,100,N/A
639,BSA,100,0.994207,31.445312,31.445312,100,N/A
640,BSA,100,0.994175,31.445312,31.445312,100,N/A
641,BSA,100,0.994147,31.445312,31.445312,100,N/A
642,BSA,100,0.994124,31.445312,31.445312,100,N/A
643,BSA,100,0.994107,31.445312,31.445312,100,N/A
644,BSA,100,0.994094,31.445312,31.445312,100,N/A
645,BSA,100,0.994086,31.445312,31.445312,100,N/A
646,BSA,100,0.994083,31.445312,31.445312,100,N/A
647,BSA,100,0.994085,31.445312,31.445312,100,N/A
648,BSA,100,0.994091,31.445312,31.445312,100,N/A
649,BSA,100,0.994102,31.445312,31.445312,100,N/A
650,BSA,100,0.994118,31.445312,31.445312,100,N/A
651,BSA,100,0.994138,31.445312,31.445312,100,N/A
652,BSA,100,0.994163,31.445312,31.445312,100,N/A
653,BSA,100,0.994192,31.445312,31.445312,100,N/A
654,BSA,100,0.994226,31.445312,31.445312,100,N/A
655,BSA,100,0.994264,31.445312,31.445312,100,N/A
656,BSA,100,0.994307,31.445312,31.445312,100,N/A
657,BSA,100,0.994354,31.445312,31.445312,100,N/A
658,BSA,100,0.994405,31.445312,31.445312,100,N/A
659,BSA,100,0.994461,31.445312,31.445312,100,N/A
660,BSA,100,0.994521,31.445312,31.445312,100,N/A
661,BSA,100,0.994585,31.445312,31.445312,100,N/A
662,BSA,100,0.994653,31.445312,31.445312,100,N/A
663,BSA,100,0.994725,31.445312,31.445312,100,N/A
664,BSA,100,0.994801,31.445312,31.445312,100,N/A
665,BSA,100,0.994882,31.445312,31.445312,100,N/A
666,BSA,100,0.994966,31.445312,31.445312,100,N/A
667,BSA,100,0.995055,31.445312,31.445312,100,N/A
668,BSA,100,0.995147,31.445312,31.445312,100,N/A
669,BSA,100,0.995243,31.445312,31.445312,100,N/A
670,BSA,100,0.995344,31.445312,31.445312,100,N/A
671,BSA,100,0.995448,31.445312,31.445312,100,N/A
672,BSA,100,0.995556,31.445312,31.445312,100,N/A
673,BSA,100,0.995667,31.445312,31.445312,100,N/A
674,BSA,100,0.995783,31.445312,31.445312,100,N/A
675,BSA,100,0.995902,31.445312,31.445312,100,N/A
676,BSA,100,0.996024,31.445312,31.445312,100,N/A
677,BSA,100,0.996151,31.445312,31.445312,100,N/A
678,BSA,100,0.996281,31.445312,31.445312,100,N/A
679,BSA,100,0.996415,31.445312,31.445312,100,N/A
680,BSA,100,0.996552,31.445312,31.445312,100,N/A
681,BSA,100,0.996692,31.445312,31.445312,100,N/A
682,BSA,100,0.996837,31.445312,31.445312,100,N/A
683,BSA,100,0.996984,31.445312,31.445312,100,N/A
684,BSA,100,0.997136,31.445312,31.445312,100,N/A
685,BSA,100,0.997290,31.445312,31.445312,100,N/A
686,BSA,100,0.997448,31.445312,31.445312,100,N/A
687,BSA,100,0.997609,31.445312,31.445312,100,N/A
688,BSA,100,0.997774,31.445312,31.445312,100,N/A
689,BSA,100,0.997942,31.445312,31.445312,100,N/A
690,BSA,100,0.998113,31.445312,31.445312,100,N/A
691,BSA,100,0.998288,31.445312,31.445312,100,N/A
692,BSA,100,0.998465,31.445312,31.445312,100,N/A
693,BSA,100,0.998646,31.445312,31.445312,100,N/A
694,BSA,100,0.998830,31.445312,31.445312,100,N/A
695,BSA,100,0.999018,31.445312,31.445312,100,N/A
696,BSA,100,0.999208,31.445312,31.445312,100,N/A
697,BSA,100,0.999401,31.445312,31.445312,100,N/A
698,BSA,100,0.999598,31.445312,31.445312,100,N/A
699,BSA,100,0.999797,31.445312,31.445312,100,N/A
700,BSA,100,1.000000,31.445312,31.445312,100,N/A
701,BSA,100,0.999799,31.445312,31.445312,100,N/A
702,BSA,100,0.999602,31.445312,31.445312,100,N/A
703,BSA,100,0.999412,31.445312,31.445312,100,N/A
704,BSA,100,0.999226,31.445312,31.445312,100,N/A
705,BSA,100,0.999045,31.445312,31.445312,100,N/A
706,BSA,100,0.998870,31.445312,31.445312,100,N/A
707,BSA,100,0.998699,31.445312,31.445312,100,N/A
708,BSA,100,0.998534,31.445312,31.445312,100,N/A
709,BSA,100,0.998373,31.445312,31.445312,100,N/A
710,BSA,100,0.998218,31.445312,31.445312,100,N/A
711,BSA,100,0.998067,31.445312,31.445312,100,N/A
712,BSA,100,0.997921,31.445312,31.445312,100,N/A
713,BSA,100,0.997780,31.445312,31.445312,100,N/A
714,BSA,100,0.997644,31.445312,31.445312,100,N/A
715,BSA,100,0.997512,31.445312,31.445312,100,N/A
716,BSA,100,0.997385,31.445312,31.445312,100,N/A
717,BSA,100,0.997263,31.445312,31.445312,100,N/A
718,BSA,100,0.997145,31.445312,31.445312,100,N/A
719,BSA,100,0.997032,31.445312,31.445312,100,N/A
720,BSA,100,0.996923,31.445312,31.445312,100,N/A
721,BSA,100,0.996819,31.445312,31.445312,100,N/A
722,BSA,100,0.996719,31.445312,31.445312,100,N/A
723,BSA,100,0.996623,31.445312,31.445312,100,N/A
724,BSA,100,0.996532,31.445312,31.445312,100,N/A
725,BSA,100,0.996445,31.445312,31.445312,100,N/A
726,BSA,100,0.996363,31.445312,31.445312,100,N/A
727,BSA,100,0.996285,31.445312,31.445312,100,N/A
728,BSA,100,0.996211,31.445312,31.445312,100,N/A
729,BSA,100,0.996141,31.445312,31.445312,100,N/A
730,BSA,100,0.996075,31.445312,31.445312,100,N/A
731,BSA,100,0.996013,31.445312,31.445312,100,N/A
732,BSA,100,0.995955,31.445312,31.445312,100,N/A
733,BSA,100,0.995902,31.445312,31.445312,100,N/A
734,BSA,100,0.995852,31.445312,31.445312,100,N/A
735,BSA,100,0.995806,31.445312,31.445312,100,N/A
736,BSA,100,0.995765,31.445312,31.445312,100,N/A
737,BSA,100,0.995727,31.445312,31.445312,100,N/A
738,BSA,100,0.995693,31.445312,31.445312,100,N/A
739,BSA,100,0.995663,31.445312,31.445312,100,N/A
740,BSA,100,0.995636,31.445312,31.445312,100,N/A
741,BSA,100,0.995614,31.445312,31.445312,100,N/A
742,BSA,100,0.995595,31.445312,31.445312,100,N/A
743,BSA,100,0.995580,31.445312,31.445312,100,N/A
744,BSA,100,0.995568,31.445312,31.445312,100,N/A
745,BSA,100,0.995561,31.445312,31.445312,100,N/A
746,BSA,100,0.995556,31.445312,31.445312,100,N/A
747,BSA,100,0.995556,31.445312,31.445312,100,N/A
748,BSA,100,0.995559,31.445312,31.445312,100,N/A
749,BSA,100,0.995565,31.445312,31.445312,100,N/A
750,BSA,100,0.995575,31.445312,31.445312,100,N/A
751,BSA,100,0.995589,31.445312,31.445312,100,N/A
752,BSA,100,0.995606,31.445312,31.445312,100,N/A
753,BSA,100,0.995626,31.445312,31.445312,100,N/A
754,BSA,100,0.995650,31.445312,31.445312,100,N/A
755,BSA,100,0.995677,31.445312,31.445312,100,N/A
756,BSA,100,0.995707,31.445312,31.445312,100,N/A
757,BSA,100,0.995741,31.445312,31.445312,100,N/A
758,BSA,100,0.995778,31.445312,31.445312,100,N/A
759,BSA,100,0.995818,31.445312,31.445312,100,N/A
760,BSA,100,0.995862,31.445312,31.445312,100,N/A
761,BSA,100,0.995909,31.445312,31.445312,100,N/A
762,BSA,100,0.995959,31.445312,31.445312,100,N/A
763,BSA,100,0.996012,31.445312,31.445312,100,N/A
764,BSA,100,0.996068,31.445312,31.445312,100,N/A
765,BSA,100,0.996128,31.445312,31.445312,100,N/A
766,BSA,100,0.996190,31.445312,31.445312,100,N/A
767,BSA,100,0.996256,31.445312,31.445312,100,N/A
768,BSA,100,0.996324,31.445312,31.445312,100,N/A
769,BSA,100,0.996396,31.445312,31.445312,100,N/A
770,BSA,100,0.996471,31.445312,31.445312,100,N/A
771,BSA,100,0.996548,31.445312,31.445312,100,N/A
772,BSA,100,0.996629,31.445312,31.445312,100,N/A
773,BSA,100,0.996712,31.445312,31.445312,100,N/A
774,BSA,100,0.996799,31.445312,31.445312,100,N/A
775,BSA,100,0.996888,31.445312,31.445312,100,N/A
776,BSA,100,0.996980,31.445312,31.445312,100,N/A
777,BSA,100,0.997075,31.445312,31.445312,100,N/A
778,BSA,100,0.997173,31.445312,31.445312,100,N/A
779,BSA,100,0.997274,31.445312,31.445312,100,N/A
780,BSA,100,0.997377,31.445312,31.445312,100,N/A
781,BSA,100,0.997483,31.445312,31.445312,100,N/A
782,BSA,100,0.997592,31.445312,31.445312,100,N/A
783,BSA,100,0.997704,31.445312,31.445312,100,N/A
784,BSA,100,0.997818,31.445312,31.445312,100,N/A
785,BSA,100,0.997935,31.445312,31.445312,100,N/A
786,BSA,100,0.998055,31.445312,31.445312,100,N/A
787,BSA,100,0.998177,31.445312,31.445312,100,N/A
788,BSA,100,0.998302,31.445312,31.445312,100,N/A
789,BSA,100,0.998430,31.445312,31.445312,100,N/A
790,BSA,100,0.998560,31.445312,31.445312,100,N/A
791,BSA,100,0.998693,31.445312,31.445312,100,N/A
792,BSA,100,0.998828,31.445312,31.445312,100,N/A
793,BSA,100,0.998966,31.445312,31.445312,100,N/A
794,BSA,100,0.999106,31.445312,31.445312,100,N/A
795,BSA,100,0.999249,31.445312,31.445312,100,N/A
796,BSA,100,0.999394,31.445312,31.445312,100,N/A
797,BSA,100,0.999542,31.445312,31.445312,100,N/A
798,BSA,100,0.999692,31.445312,31.445312,100,N/A
799,BSA,100,0.999845,31.445312,31.445312,100,N/A
800,BSA,100,1.000000,31.445312,31.445312,100,N/A
801,BSA,100,0.999846,31.445312,31.445312,100,N/A
802,BSA,100,0.999695,31.445312,31.445312,100,N/A
803,BSA,100,0.999549,31.445312,31.445312,100,N/A
804,BSA,100,0.999406,31.445312,31.445312,100,N/A
805,BSA,100,0.999268,31.445312,31.445312,100,N/A
806,BSA,100,0.999133,31.445312,31.445312,100,N/A
807,BSA,100,0.999001,31.445312,31.445312,100,N/A
808,BSA,100,0.998874,31.445312,31.445312,100,N/A
809,BSA,100,0.998750,31.445312,31.445312,100,N/A
810,BSA,100,0.998630,31.445312,31.445312,100,N/A
811,BSA,100,0.998514,31.445312,31.445312,100,N/A
812,BSA,100,0.998401,31.445312,31.445312,100,N/A
813,BSA,100,0.998292,31.445312,31.445312,100,N/A
814,BSA,100,0.998186,31.445312,31.445312,100,N/A
815,BSA,100,0.998084,31.445312,31.445312,100,N/A
816,BSA,100,0.997986,31.445312,31.445312,100,N/A
817,BSA,100,0.997891,31.445312,31.445312,100,N/A
818,BSA,100,0.997799,31.445312,31.445312,100,N/A
819,BSA,100,0.997711,31.445312,31.445312,100,N/A
820,BSA,100,0.997626,31.445312,31.445312,100,N/A
821,BSA,100,0.997545,31.445312,31.445312,100,N/A
822,BSA,100,0.997467,31.445312,31.445312,100,N/A
823,BSA,100,0.997392,31.445312,31.445312,100,N/A
824,BSA,100,0.997321,31.445312,31.445312,100,N/A
825,BSA,100,0.997253,31.445312,31.445312,100,N/A
826,BSA,100,0.997188,31.445312,31.445312,100,N/A
827,BSA,100,0.997126,31.445312,31.445312,100,N/A
828,BSA,100,0.997068,31.445312,31.445312,100,N/A
829,BSA,100,0.997013,31.445312,31.445312,100,N/A
830,BSA,100,0.996961,31.445312,31.445312,100,N/A
831,BSA,100,0.996912,31.445312,31.445312,100,N/A
832,BSA,100,0.996866,31.445312,31.445312,100,N/A
833,BSA,100,0.996824,31.445312,31.445312,100,N/A
834,BSA,100,0.996784,31.445312,31.445312,100,N/A
835,BSA,100,0.996748,31.445312,31.445312,100,N/A
836,BSA,100,0.996714,31.445312,31.445312,100,N/A
837,BSA,100,0.996684,31.445312,31.445312,100,N/A
838,BSA,100,0.996656,31.445312,31.445312,100,N/A
839,BSA,100,0.996632,31.445312,31.445312,100,N/A
840,BSA,100,0.996610,31.445312,31.445312,100,N/A
841,BSA,100,0.996592,31.445312,31.445312,100,N/A
842,BSA,100,0.996576,31.445312,31.445312,100,N/A
843,BSA,100,0.996563,31.445312,31.445312,100,N/A
844,BSA,100,0.996553,31.445312,31.445312,100,N/A
845,BSA,100,0.996546,31.445312,31.445312,100,N/A
846,BSA,100,0.996541,31.445312,31.445312,100,N/A
847,BSA,100,0.996540,31.445312,31.445312,100,N/A
848,BSA,100,0.996541,31.445312,31.445312,100,N/A
849,BSA,100,0.996545,31.445312,31.445312,100,N/A
850,BSA,100,0.996552,31.445312,31.445312,100,N/A
851,BSA,100,0.996561,31.445312,31.445312,100,N/A
852,BSA,100,0.996573,31.445312,31.445312,100,N/A
853,BSA,100,0.996588,31.445312,31.445312,100,N/A
854,BSA,100,0.996606,31.445312,31.445312,100,N/A
855,BSA,100,0.996626,31.445312,31.445312,100,N/A
856,BSA,100,0.996649,31.445312,31.445312,100,N/A
857,BSA,100,0.996674,31.445312,31.445312,100,N/A
858,BSA,100,0.996702,31.445312,31.445312,100,N/A
859,BSA,100,0.996732,31.445312,31.445312,100,N/A
860,BSA,100,0.996765,31.445312,31.445312,100,N/A
861,BSA,100,0.996801,31.445312,31.445312,100,N/A
862,BSA,100,0.996839,31.445312,31.445312,100,N/A
863,BSA,100,0.996880,31.445312,31.445312,100,N/A
864,BSA,100,0.996923,31.445312,31.445312,100,N/A
865,BSA,100,0.996969,31.445312,31.445312,100,N/A
866,BSA,100,0.997017,31.445312,31.445312,100,N/A
867,BSA,100,0.997067,31.445312,31.445312,100,N/A
868,BSA,100,0.997120,31.445312,31.445312,100,N/A
869,BSA,100,0.997175,31.445312,31.445312,100,N/A
870,BSA,100,0.997233,31.445312,31.445312,100,N/A
871,BSA,100,0.997293,31.445312,31.445312,100,N/A
872,BSA,100,0.997356,31.445312,31.445312,100,N/A
873,BSA,100,0.997420,31.445312,31.445312,100,N/A
874,BSA,100,0.997488,31.445312,31.445312,100,N/A
875,BSA,100,0.997557,31.445312,31.445312,100,N/A
876,BSA,100,0.997629,31.445312,31.445312,100,N/A
877,BSA,100,0.997703,31.445312,31.445312,100,N/A
878,BSA,100,0.997779,31.445312,31.445312,100,N/A
879,BSA,100,0.997857,31.445312,31.445312,100,N/A
880,BSA,100,0.997938,31.445312,31.445312,100,N/A
881,BSA,100,0.998021,31.445312,31.445312,100,N/A
882,BSA,100,0.998106,31.445312,31.445312,100,N/A
883,BSA,100,0.998194,31.445312,31.445312,100,N/A
884,BSA,100,0.998283,31.445312,31.445312,100,N/A
885,BSA,100,0.998375,31.445312,31.445312,100,N/A
886,BSA,100,0.998469,31.445312,31.445312,100,N/A
887,BSA,100,0.998565,31.445312,31.445312,100,N/A
888,BSA,100,0.998663,31.445312,31.445312,100,N/A
889,BSA,100,0.998763,31.445312,31.445312,100,N/A
890,BSA,100,0.998865,31.445312,31.445312,100,N/A
891,BSA,100,0.998969,31.445312,31.445312,100,N/A
892,BSA,100,0.999076,31.445312,31.445312,100,N/A
893,BSA,100,0.999184,31.445312,31.445312,100,N/A
894,BSA,100,0.999295,31.445312,31.445312,100,N/A
895,BSA,100,0.999407,31.445312,31.445312,100,N/A
896,BSA,100,0.999522,31.445312,31.445312,100,N/A
897,BSA,100,0.999638,31.445312,31.445312,100,N/A
898,BSA,100,0.999757,31.445312,31.445312,100,N/A
899,BSA,100,0.999878,31.445312,31.445312,100,N/A
900,BSA,100,1.000000,31.445312,31.445312,100,N/A
901,BSA,100,0.999878,31.445312,31.445312,100,N/A
902,BSA,100,0.999759,31.445312,31.445312,100,N/A
903,BSA,100,0.999643,31.445312,31.445312,100,N/A
904,BSA,100,0.999530,31.445312,31.445312,100,N/A
905,BSA,100,0.999420,31.445312,31.445312,100,N/A
906,BSA,100,0.999313,31.445312,31.445312,100,N/A
907,BSA,100,0.999209,31.445312,31.445312,100,N/A
908,BSA,100,0.999108,31.445312,31.445312,100,N/A
909,BSA,100,0.999010,31.445312,31.445312,100,N/A
910,BSA,100,0.998914,31.445312,31.445312,100,N/A
911,BSA,100,0.998822,31.445312,31.445312,100,N/A
912,BSA,100,0.998732,31.445312,31.445312,100,N/A
913,BSA,100,0.998645,31.445312,31.445312,100,N/A
914,BSA,100,0.998561,31.445312,31.445312,100,N/A
915,BSA,100,0.998479,31.445312,31.445312,100,N/A
916,BSA,100,0.998401,31.445312,31.445312,100,N/A
917,BSA,100,0.998325,31.445312,31.445312,100,N/A
918,BSA,100,0.998252,31.445312,31.445312,100,N/A
919,BSA,100,0.998181,31.445312,31.445312,100,N/A
920,BSA,100,0.998113,31.445312,31.445312,100,N/A
921,BSA,100,0.998048,31.445312,31.445312,100,N/A
922,BSA,100,0.997985,31.445312,31.445312,100,N/A
923,BSA,100,0.997926,31.445312,31.445312,100,N/A
924,BSA,100,0.997868,31.445312,31.445312,100,N/A
925,BSA,100,0.997813,31.445312,31.445312,100,N/A
926,BSA,100,0.997761,31.445312,31.445312,100,N/A
927,BSA,100,0.997712,31.445312,31.445312,100,N/A
928,BSA,100,0.997665,31.445312,31.445312,100,N/A
929,BSA,100,0.997620,31.445312,31.445312,100,N/A
930,BSA,100,0.997578,31.445312,31.445312,100,N/A
931,BSA,100,0.997538,31.445312,31.445312,100,N/A
932,BSA,100,0.997501,31.445312,31.445312,100,N/A
933,BSA,100,0.997466,31.445312,31.445312,100,N/A
934,BSA,100,0.997434,31.445312,31.445312,100,N/A
935,BSA,100,0.997404,31.445312,31.445312,100,N/A
936,BSA,100,0.997377,31.445312,31.445312,100,N/A
937,BSA,100,0.997352,31.445312,31.445312,100,N/A
938,BSA,100,0.997329,31.445312,31.445312,100,N/A
939,BSA,100,0.997309,31.445312,31.445312,100,N/A
940,BSA,100,0.997291,31.445312,31.445312,100,N/A
941,BSA,100,0.997276,31.445312,31.445312,100,N/A
942,BSA,100,0.997262,31.445312,31.445312,100,N/A
943,BSA,100,0.997251,31.445312,31.445312,100,N/A
944,BSA,100,0.997243,31.445312,31.445312,100,N/A
945,BSA,100,0.997236,31.445312,31.445312,100,N/A
946,BSA,100,0.997232,31.445312,31.445312,100,N/A
947,BSA,100,0.997230,31.445312,31.445312,100,N/A
948,BSA,100,0.997230,31.445312,31.445312,100,N/A
949,BSA,100,0.997233,31.445312,31.445312,100,N/A
950,BSA,100,0.997238,31.445312,31.445312,100,N/A
951,BSA,100,0.997244,31.445312,31.445312,100,N/A
952,BSA,100,0.997254,31.445312,31.445312,100,N/A
953,BSA,100,0.997265,31.445312,31.445312,100,N/A
954,BSA,100,0.997278,31.445312,31.445312,100,N/A
955,BSA,100,0.997294,31.445312,31.445312,100,N/A
956,BSA,100,0.997311,31.445312,31.445312,100,N/A
957,BSA,100,0.997331,31.445312,31.445312,100,N/A
958,BSA,100,0.997353,31.445312,31.445312,100,N/A
959,BSA,100,0.997377,31.445312,31.445312,100,N/A
960,BSA,100,0.997403,31.445312,31.445312,100,N/A
961,BSA,100,0.997431,31.445312,31.445312,100,N/A
962,BSA,100,0.997461,31.445312,31.445312,100,N/A
963,BSA,100,0.997493,31.445312,31.445312,100,N/A
964,BSA,100,0.997527,31.445312,31.445312,100,N/A
965,BSA,100,0.997563,31.445312,31.445312,100,N/A
966,BSA,100,0.997601,31.445312,31.445312,100,N/A
967,BSA,100,0.997641,31.445312,31.445312,100,N/A
968,BSA,100,0.997683,31.445312,31.445312,100,N/A
969,BSA,100,0.997727,31.445312,31.445312,100,N/A
970,BSA,100,0.997773,31.445312,31.445312,100,N/A
971,BSA,100,0.997821,31.445312,31.445312,100,N/A
972,BSA,100,0.997871,31.445312,31.445312,100,N/A
973,BSA,100,0.997922,31.445312,31.445312,100,N/A
974,BSA,100,0.997976,31.445312,31.445312,100,N/A
975,BSA,100,0.998031,31.445312,31.445312,100,N/A
976,BSA,100,0.998089,31.445312,31.445312,100,N/A
977,BSA,100,0.998148,31.445312,31.445312,100,N/A
978,BSA,100,0.998209,31.445312,31.445312,100,N/A
979,BSA,100,0.998272,31.445312,31.445312,100,N/A
980,BSA,100,0.998337,31.445312,31.445312,100,N/A
981,BSA,100,0.998403,31.445312,31.445312,100,N/A
982,BSA,100,0.998472,31.445312,31.445312,100,N/A
983,BSA,100,0.998542,31.445312,31.445312,100,N/A
984,BSA,100,0.998614,31.445312,31.445312,100,N/A
985,BSA,100,0.998688,31.445312,31.445312,100,N/A
986,BSA,100,0.998763,31.445312,31.445312,100,N/A
987,BSA,100,0.998840,31.445312,31.445312,100,N/A
988,BSA,100,0.998919,31.445312,31.445312,100,N/A
989,BSA,100,0.999000,31.445312,31.445312,100,N/A
990,BSA,100,0.999083,31.445312,31.445312,100,N/A
991,BSA,100,0.999167,31.445312,31.445312,100,N/A
992,BSA,100,0.999253,31.445312,31.445312,100,N/A
993,BSA,100,0.999340,31.445312,31.445312,100,N/A
994,BSA,100,0.999429,31.445312,31.445312,100,N/A
995,BSA,100,0.999520,31.445312,31.445312,100,N/A
996,BSA,100,0.999613,31.445312,31.445312,100,N/A
997,BSA,100,0.999707,31.445312,31.445312,100,N/A
998,BSA,100,0.999803,31.445312,31.445312,100,N/A
999,BSA,100,0.999901,31.445312,31.445312,100,N/A
1000,BSA,100,1.000000,31.445312,31.445312,100,N/A
